First Name,Middle Name,Last Name,Phone no.,Email,Password,Aadhar no.,CandidateId,DOB,Address,Qualification,Photograph files,Symbol files,Signature files
Aryan,Varma,M,9187456123,aryan12@gmail.com,Arya123,2704 8461 2482,CIaryan12311,11th March2002,"Marathalli, bnglr 562125",12th science,p1.png,c1.jpg,s1.png
Vidisha,Ravi,Kumar,8475694231,vidi47@gmail.com,Vidi$4,2802 9874 5612,CIvidi4714,14th April 2003,"Dommasandra,gunjur(p) 562120",12th science,p2.png,c2.jpg,s2.png
Lavanya,S,prabhu,9854762314,lavanya8@gmail.com,Lavs*8,2504 6541 8521,CIlavanya818,18th Jan 2001,"electronic city,Attibele(p) 562122",12th commerce,c4.jpg,c3.png,s3.png
Aarav,Raj,Kumar,8793214598,aarav5@gmail.com,Arvs56,2498 2348 7896,CIaarav515,15th May 2002,"Banashankari,bnlgr 562125",12th commerce,p4.png,c4.jpg,s4.png
Alya,Anvitha,S,8521463974,alya5@gmail.com,Alyaanvi5,2498 5614 3241,CIalya525,25th Oct 2004,Sarjapura(v&p) 562120,12th science,p5.jpg,c5.jpg,s6.png
Sujay,Hegde,P,9542146795,suji27@gmail.com,Suji27,2598 7845 6354,CIsuji2727,27th April 2002,"Malur,563130",12th commerce,p6.jpg,c6.jpg,s5.png
